{
    "total_net_gain": 413.8298805437793,
    "total_net_gain_percentage": 0.41382988054377934,
    "gross_loss": 2346.5,
    "growth": 413.8298805437793,
    "growth_percentage": 0.41382988054377934,
    "trades_average_return": 8470.5,
    "cagr": 0.1878948619377238,
    "sharpe_ratio": 0.8171422595549571,
    "sortino_ratio": 0.6341776549032176,
    "calmar_ratio": 0.8504692725475633,
    "profit_factor": 35.46063768833729,
    "annual_volatility": 0.22313076852199412,
    "max_drawdown": 0.20857617490428135,
    "max_drawdown_duration": 953,
    "trades_per_year": 1.7511986301369862,
    "win_rate": 0.5833333333333333,
    "win_loss_ratio": 19.58155605568423,
    "number_of_trades": 11,
    "cumulative_exposure": 0.13464611872146118,
    "exposure_ratio": 0.13464611872146118
}