{
    "total_net_gain": -609.6842888910223,
    "total_net_gain_percentage": -0.6096842888910223,
    "gross_loss": 75597.0,
    "growth": -609.6842888910223,
    "growth_percentage": -0.6096842888910223,
    "trades_average_return": -2104.9338235294117,
    "cagr": -0.3753534697342906,
    "sharpe_ratio": -0.8442847533135593,
    "sortino_ratio": -1.0767621111053205,
    "calmar_ratio": -0.5590736629373052,
    "profit_factor": 0.5047970541743123,
    "annual_volatility": 0.4638611799452987,
    "max_drawdown": 0.6560238067564921,
    "max_drawdown_duration": 4006,
    "trades_per_year": 8.881078767123288,
    "win_rate": 0.7044117647058823,
    "win_loss_ratio": 0.2117131664691662,
    "number_of_trades": 54,
    "cumulative_exposure": 0.9058219178082192,
    "exposure_ratio": 0.9058219178082192
}