{
    "total_net_gain": 208.26331852099497,
    "total_net_gain_percentage": 0.208263318520995,
    "gross_loss": 2297.5,
    "growth": 208.26331852099497,
    "growth_percentage": 0.208263318520995,
    "trades_average_return": 8302.833333333334,
    "cagr": 0.09814634734274275,
    "sharpe_ratio": 0.48944385596387985,
    "sortino_ratio": 0.31128069363447874,
    "calmar_ratio": 0.460660593563345,
    "profit_factor": 27.40700027403033,
    "annual_volatility": 0.19201220352133413,
    "max_drawdown": 0.2085761749042829,
    "max_drawdown_duration": 953,
    "trades_per_year": 1.2508561643835616,
    "win_rate": 0.41666666666666663,
    "win_loss_ratio": 30.03735655713096,
    "number_of_trades": 8,
    "cumulative_exposure": 0.06763698630136986,
    "exposure_ratio": 0.06763698630136986
}