{
    "total_net_gain": -614.4593974095311,
    "total_net_gain_percentage": -0.6144593974095311,
    "gross_loss": 47001.75,
    "growth": -614.4593974095311,
    "growth_percentage": -0.6144593974095311,
    "trades_average_return": -754.1674107142857,
    "cagr": -0.3791706639768062,
    "sharpe_ratio": -0.857745422495622,
    "sortino_ratio": -1.1008900368357049,
    "calmar_ratio": -0.5490313466235325,
    "profit_factor": 0.9136620572553547,
    "annual_volatility": 0.463978215036598,
    "max_drawdown": 0.6756932075207173,
    "max_drawdown_duration": 4006,
    "trades_per_year": 7.254965753424657,
    "win_rate": 0.7075892857142858,
    "win_loss_ratio": 0.37097067100528264,
    "number_of_trades": 44,
    "cumulative_exposure": 0.8312214611872146,
    "exposure_ratio": 0.8312214611872146
}