{
    "total_net_gain": 161.79806929194493,
    "total_net_gain_percentage": 0.16179806929194493,
    "gross_loss": 41649.5,
    "growth": 161.79806929194493,
    "growth_percentage": 0.16179806929194493,
    "trades_average_return": 884.4011093073593,
    "cagr": 0.07370007555245917,
    "sharpe_ratio": 0.31880845448992096,
    "sortino_ratio": 0.43262934562231253,
    "calmar_ratio": 0.10935416936727976,
    "profit_factor": 1.4096418201641507,
    "annual_volatility": 0.46128515368520695,
    "max_drawdown": 0.6739576184327085,
    "max_drawdown_duration": 6423,
    "trades_per_year": 10.006849315068493,
    "win_rate": 0.710836038961039,
    "win_loss_ratio": 0.573424940904365,
    "number_of_trades": 59,
    "cumulative_exposure": 0.8773401826484019,
    "exposure_ratio": 0.8773401826484019
}