{
    "total_net_gain": 223.67214173504044,
    "total_net_gain_percentage": 0.2236721417350429,
    "total_growth": 223.67214173504044,
    "total_growth_percentage": 0.2236721417350429,
    "total_loss": 0,
    "total_loss_percentage": 0.0,
    "average_loss": null,
    "average_loss_percentage": 0.0,
    "average_net_gain": 223.67214173504044,
    "average_net_gain_percentage": 0.22367214173504044,
    "average_growth": 223.67214173504044,
    "average_growth_percentage": 0.22367214173504044,
    "average_trade_return": 2.0710383493985254,
    "average_trade_return_percentage": 0.024067760651983218,
    "average_trade_loss": -6.5545386954551175,
    "average_trade_loss_percentage": -0.05353834250610921,
    "average_trade_gain": 17.331674659524204,
    "average_trade_gain_percentage": 0.1613708662393775,
    "cagr": 0.22367214173504046,
    "sharpe_ratio": 0.8799563181513064,
    "sortino_ratio": 1.147602114575892,
    "calmar_ratio": 1.0410626960312215,
    "profit_factor": 1.4945619200912719,
    "annual_volatility": 0.2530475042527816,
    "max_drawdown": 0.214849828533605,
    "max_drawdown_duration": 195,
    "trades_per_year": 108.07397260273973,
    "win_rate": 0.3611111111111111,
    "current_win_rate": 0.3611111111111111,
    "win_loss_ratio": 2.6442249355460965,
    "current_win_loss_ratio": 2.6442249355460965,
    "number_of_trades": 108,
    "number_of_trades_closed": 108,
    "cumulative_exposure": 2.3776255707762557,
    "exposure_ratio": 0.7808219178082192,
    "number_of_windows": 1,
    "number_of_profitable_windows": 1,
    "number_of_windows_with_trades": 1
}