{
    "total_net_gain": -28.498339705940225,
    "total_net_gain_percentage": -0.02849833970594018,
    "total_growth": -28.498339705940225,
    "total_growth_percentage": -0.02849833970594018,
    "total_loss": 0,
    "total_loss_percentage": -0.02849833970594018,
    "average_loss": null,
    "average_loss_percentage": -0.028498339705940224,
    "average_net_gain": -28.49833970594022,
    "average_net_gain_percentage": -0.028498339705940224,
    "average_growth": -28.49833970594022,
    "average_growth_percentage": -0.028498339705940224,
    "average_trade_return": 0.03528198334319604,
    "average_trade_return_percentage": 0.004581252218042796,
    "average_trade_loss": -9.73207020210034,
    "average_trade_loss_percentage": -0.09145512355542336,
    "average_trade_gain": 13.934975478012843,
    "average_trade_gain_percentage": 0.14124840235720615,
    "cagr": -0.02849833970594018,
    "sharpe_ratio": -0.21256164052255186,
    "sortino_ratio": -0.2665832824435645,
    "calmar_ratio": -0.11695214498395659,
    "profit_factor": 1.0061728622120099,
    "annual_volatility": 0.19120472468601052,
    "max_drawdown": 0.24367522040617182,
    "max_drawdown_duration": 195,
    "trades_per_year": 67.0458904109589,
    "win_rate": 0.4126984126984127,
    "current_win_rate": 0.3880597014925373,
    "win_loss_ratio": 1.4318613808401677,
    "current_win_loss_ratio": 1.461931255393292,
    "number_of_trades": 67,
    "number_of_trades_closed": 63,
    "cumulative_exposure": 2.276712328767123,
    "exposure_ratio": 0.9100456621004567,
    "number_of_windows": 1,
    "number_of_profitable_windows": 0,
    "number_of_windows_with_trades": 1
}