{
    "total_net_gain": 216.00560016943882,
    "total_net_gain_percentage": 0.21600560016943327,
    "total_growth": 216.00560016943882,
    "total_growth_percentage": 0.21600560016943327,
    "total_loss": 0,
    "total_loss_percentage": 0.0,
    "average_loss": null,
    "average_loss_percentage": 0.0,
    "average_net_gain": 216.00560016943882,
    "average_net_gain_percentage": 0.21600560016943882,
    "average_growth": 216.00560016943882,
    "average_growth_percentage": 0.21600560016943882,
    "average_trade_return": 1.5855934867829862,
    "average_trade_return_percentage": 0.020536110912311948,
    "average_trade_loss": -6.089889119410418,
    "average_trade_loss_percentage": -0.04915886824485703,
    "average_trade_gain": 17.82462551067535,
    "average_trade_gain_percentage": 0.16812631381994228,
    "cagr": 0.21600560016943882,
    "sharpe_ratio": 0.8152855227713967,
    "sortino_ratio": 1.2424304727632307,
    "calmar_ratio": 0.9473311365015402,
    "profit_factor": 1.3864363533385484,
    "annual_volatility": 0.2606336191752363,
    "max_drawdown": 0.22801488502440626,
    "max_drawdown_duration": 196,
    "trades_per_year": 142.0972602739726,
    "win_rate": 0.3191489361702128,
    "current_win_rate": 0.31690140845070425,
    "win_loss_ratio": 2.926921190381379,
    "current_win_loss_ratio": 2.9195642561457884,
    "number_of_trades": 142,
    "number_of_trades_closed": 141,
    "cumulative_exposure": 2.3123287671232875,
    "exposure_ratio": 0.7949771689497716,
    "number_of_windows": 1,
    "number_of_profitable_windows": 1,
    "number_of_windows_with_trades": 1
}