{
    "total_net_gain": 1671.7403938686878,
    "total_net_gain_percentage": 1.6717403938686877,
    "gross_loss": 2346.5,
    "growth": 1671.7403938686878,
    "growth_percentage": 1.6717403938686877,
    "trades_average_return": 11909.175,
    "cagr": 0.6081474760177625,
    "sharpe_ratio": 1.2472944902228302,
    "sortino_ratio": 1.6293395663890835,
    "calmar_ratio": 2.0013528064121777,
    "profit_factor": 66.63272759496375,
    "annual_volatility": 0.38009917858296444,
    "max_drawdown": 0.30207557845210115,
    "max_drawdown_duration": 2851,
    "trades_per_year": 2.126455479452055,
    "win_rate": 0.65,
    "win_loss_ratio": 24.634475698440212,
    "number_of_trades": 13,
    "cumulative_exposure": 0.580450913242009,
    "exposure_ratio": 0.580450913242009
}