{
    "total_net_gain": 111.06312825820214,
    "total_net_gain_percentage": 0.11106312825819309,
    "total_growth": 111.06312825820214,
    "total_growth_percentage": 0.11106312825819309,
    "total_loss": 0,
    "total_loss_percentage": 0.0,
    "average_loss": null,
    "average_loss_percentage": 0.0,
    "average_net_gain": 111.06312825820216,
    "average_net_gain_percentage": 0.11106312825820215,
    "average_growth": 111.06312825820216,
    "average_growth_percentage": 0.11106312825820215,
    "average_trade_return": 0.6603465718814702,
    "average_trade_return_percentage": 0.008469747651919752,
    "average_trade_loss": -4.8013359607331685,
    "average_trade_loss_percentage": -0.04055671489141438,
    "average_trade_gain": 10.696873408948365,
    "average_trade_gain_percentage": 0.09859996616657674,
    "cagr": 0.11106312825820218,
    "sharpe_ratio": 0.4582112332888376,
    "sortino_ratio": 0.7070199340366295,
    "calmar_ratio": 0.4618837598848309,
    "profit_factor": 1.213568937846278,
    "annual_volatility": 0.2350360259371419,
    "max_drawdown": 0.24045688093882192,
    "max_drawdown_duration": 205,
    "trades_per_year": 193.13219178082193,
    "win_rate": 0.3507853403141361,
    "current_win_rate": 0.3471502590673575,
    "win_loss_ratio": 2.2278952142551054,
    "current_win_loss_ratio": 2.2078082958013185,
    "number_of_trades": 193,
    "number_of_trades_closed": 191,
    "cumulative_exposure": 2.3273972602739725,
    "exposure_ratio": 0.8433789954337899,
    "number_of_windows": 1,
    "number_of_profitable_windows": 1,
    "number_of_windows_with_trades": 1
}