{
    "total_net_gain": 106.92886498676125,
    "total_net_gain_percentage": 0.10692886498675502,
    "total_growth": 106.92886498676125,
    "total_growth_percentage": 0.10692886498675502,
    "total_loss": 0,
    "total_loss_percentage": 0.0,
    "average_loss": null,
    "average_loss_percentage": 0.0,
    "average_net_gain": 106.92886498676125,
    "average_net_gain_percentage": 0.10692886498676124,
    "average_growth": 106.92886498676125,
    "average_growth_percentage": 0.10692886498676124,
    "average_trade_return": 1.6450594613347873,
    "average_trade_return_percentage": 0.026126558487830354,
    "average_trade_loss": -7.169370432777934,
    "average_trade_loss_percentage": -0.06523598740467769,
    "average_trade_gain": 33.75476836131684,
    "average_trade_gain_percentage": 0.35894726138196675,
    "cagr": 0.10692886498676124,
    "sharpe_ratio": 0.4468390326072094,
    "sortino_ratio": 0.5304310736006409,
    "calmar_ratio": 0.5414041633139425,
    "profit_factor": 1.2924447036408369,
    "annual_volatility": 0.2588866773514034,
    "max_drawdown": 0.19750284950202113,
    "max_drawdown_duration": 195,
    "trades_per_year": 65.04452054794521,
    "win_rate": 0.2153846153846154,
    "current_win_rate": 0.2153846153846154,
    "win_loss_ratio": 4.708191420405905,
    "current_win_loss_ratio": 4.708191420405905,
    "number_of_trades": 65,
    "number_of_trades_closed": 65,
    "cumulative_exposure": 2.007305936073059,
    "exposure_ratio": 0.7150684931506849,
    "number_of_windows": 1,
    "number_of_profitable_windows": 1,
    "number_of_windows_with_trades": 1
}