{
    "total_net_gain": 1106.158926403126,
    "total_net_gain_percentage": 1.106158926403126,
    "gross_loss": 28425.5,
    "growth": 1106.158926403126,
    "growth_percentage": 1.106158926403126,
    "trades_average_return": 2575.9337606837607,
    "cagr": 0.44778751913478554,
    "sharpe_ratio": 0.991014743705029,
    "sortino_ratio": 1.369602957659394,
    "calmar_ratio": 0.8160466366886346,
    "profit_factor": 2.0245448377805326,
    "annual_volatility": 0.4465189817989594,
    "max_drawdown": 0.5487278532901289,
    "max_drawdown_duration": 3774,
    "trades_per_year": 6.129195205479451,
    "win_rate": 0.7477106227106227,
    "win_loss_ratio": 0.7074265358730277,
    "number_of_trades": 36,
    "cumulative_exposure": 0.8028253424657534,
    "exposure_ratio": 0.8028253424657534
}